Author Name,Count
Jeff Squyres,148
Brian Barrett,113
Rich Graham,16
Rob Awles,3
David Daniel,9
Tim Woodall,25
Vishal Sahay,1
Ralph Castain,126
George Bosilca,80
Tim Prins,12
Laura Casswell,61
Ginger Young,1
Graham Fagg,7
Rainer Keller,20
Galen Shipman,5
Josh Hursey,3
Terry Dontje,3
Sven Stork,3
Shiqing Fan,10
Sharon Melamed,2
Kenneth Matney,2
Eugene Loh,2
Greg Koenig,1
Abhishek Kulkarni,2
Nysal Jan,1
Brad Benton,1
Wesley Bland,2
Dave Goodell,1
Gilles Gouaillardet,16
Joshua Ladd,3
Nathan Hjelm,28
Guillaume Papauré,1
Edgar Gabriel,1
Karol Mroz,1
Joshua Hursey,1
bosilca,3
Mark Allen,3
KAWASHIMA Takahiro,1
Clement Foyer,1
luz.paz,1
Howard Pritchard,1
Geoffrey Paulsen,1
David Eberius,1
Joseph Schuchart,2
Charles Shereda,1
Noah Evans,1
Shintaro Iwasaki,1
Aurélien Bouteiller,1
dongzhong,1
Aurelien Bouteiller,2
Aboorva Devarajan,1
Austen Lauria,4
Christoph Niethammer,1
