Jeff Squyres,9234
Brian Barrett,5645
Rich Graham,56
Rob Awles,3
David Daniel,1294
Tim Woodall,364
Vishal Sahay,1
Ralph Castain,18205
George Bosilca,460
Tim Prins,96
Laura Casswell,72
Ginger Young,1
Graham Fagg,14
Rainer Keller,1683
Galen Shipman,30
Josh Hursey,13
Terry Dontje,57
Sven Stork,3
Shiqing Fan,633
Sharon Melamed,42
Kenneth Matney,2
Eugene Loh,54
Greg Koenig,842
Abhishek Kulkarni,177
Nysal Jan,1
Brad Benton,1
Wesley Bland,230
Dave Goodell,1
Gilles Gouaillardet,189
Joshua Ladd,8
Nathan Hjelm,1197
Guillaume Papauré,1
Edgar Gabriel,7
Karol Mroz,0
Joshua Hursey,55
bosilca,100
Mark Allen,10
KAWASHIMA Takahiro,0
Clement Foyer,1
luz.paz,33
Howard Pritchard,7
Geoffrey Paulsen,0
David Eberius,81
Joseph Schuchart,8
Charles Shereda,39
Noah Evans,140
Shintaro Iwasaki,3
Aurélien Bouteiller,1
dongzhong,11
Aurelien Bouteiller,3
Aboorva Devarajan,2
Austen Lauria,88
Christoph Niethammer,30
